,customer_id,Probability_of_churn,Churn_predict
3160,4531-AUZNK,0.7972972972972973,no
1577,2296-DKZFP,0.8695652173913043,no
6823,9692-TUSXH,0.4405099150141643,yes
3615,5129-JLPIS,0.9920634920634921,no
882,1273-MTETI,0.4405099150141643,yes
6193,8757-TFHHJ,0.6666666666666666,no
908,1322-AGOQM,0.6717428087986463,no
510,0743-HRVFF,0.7745098039215687,no
644,0943-ZQPXH,0.4267241379310345,yes
2761,3932-CMDTD,0.4405099150141643,yes
4889,6892-BOGQE,0.6717428087986463,no
131,0224-HJAPT,1.0,no
1673,2439-LYPMQ,1.0,no
5623,7924-GJZFI,0.7972972972972973,no
559,0823-HSCDJ,0.9393939393939394,no
3401,4826-TZEVA,0.4405099150141643,yes
3643,5151-HQRDG,0.8695652173913043,no
4792,6734-GMPVK,0.7058823529411765,no
2777,3951-NJCVI,0.8,no
503,0733-VUNUW,0.7745098039215687,no
2497,3571-DPYUH,0.6434108527131783,no
6925,9824-QCJPK,0.972972972972973,no
5595,7876-DNYAP,0.639344262295082,no
2733,3890-RTCMS,0.4267241379310345,yes
5379,7594-RQHXR,0.9834710743801653,no
2259,3229-USWAR,0.6571428571428571,no
4252,5995-LFTLE,0.9523809523809523,no
1010,1456-TWCGB,0.6434108527131783,no
1065,1552-TKMXS,0.952054794520548,no
2292,3276-HDUEG,0.6717428087986463,no
186,0302-JOIVN,0.972972972972973,no
1952,2830-LEWOA,0.9117647058823529,no
4005,5649-TJHOV,0.9782608695652174,no
4163,5886-VLQVU,0.4405099150141643,yes
962,1395-WSWXR,0.972972972972973,no
4623,6518-LGAOV,0.7972972972972973,no
3146,4514-GFCFI,0.8787878787878788,no
1118,1635-FJFCC,0.9834710743801653,no
5402,7611-YKYTC,0.6717428087986463,no
4121,5829-NVSQN,0.4405099150141643,yes
264,0394-YONDK,0.4405099150141643,yes
676,0991-BRRFB,0.8688524590163934,no
4237,5980-BDHPY,0.6717428087986463,no
5868,8249-THVEC,0.9736842105263158,no
3556,5039-LZRQT,0.4405099150141643,yes
6440,9115-YQHGA,0.9920634920634921,no
5806,8174-LNWMW,0.6717428087986463,no
3555,5038-ETMLM,0.8688524590163934,no
4836,6815-ABQFQ,0.84375,no
5748,8086-OVPWV,0.8787878787878788,no
3878,5451-MHQOF,0.7745098039215687,no
1339,1991-VOPLL,0.8,no
4777,6725-TPKJO,0.9263157894736842,no
6276,8879-ZKJOF,0.6571428571428571,no
2519,3597-YASZG,0.9736842105263158,no
2064,2969-WGHQO,0.952054794520548,no
5680,8006-PYCSW,0.4405099150141643,yes
2338,3347-YJZZE,0.6717428087986463,no
1150,1696-MZVAU,0.6717428087986463,no
4200,5931-FLJJF,0.7972972972972973,no
2403,3440-JPSCL,0.4267241379310345,yes
5622,7923-IYJWY,0.9523809523809523,no
6155,8718-PTMEZ,0.9920634920634921,no
40,0067-DKWBL,0.6717428087986463,no
4701,6625-IUTTT,0.9263157894736842,no
6099,8637-XJIVR,0.6717428087986463,no
1721,2509-TFPJU,0.9117647058823529,no
315,0464-WJTKO,0.972972972972973,no
5893,8292-FRFZQ,0.6717428087986463,no
4854,6844-DZKRF,0.4405099150141643,yes
2273,3249-ZPQRG,0.7058823529411765,no
5370,7580-UGXNC,0.8787878787878788,no
2123,3050-RLLXC,0.9393939393939394,no
393,0581-BXBUB,0.9393939393939394,no
6037,8552-OBVRU,1.0,no
1645,2388-LAESQ,0.6717428087986463,no
3131,4488-PSYCG,0.4267241379310345,yes
6638,9436-ZBZCT,0.952054794520548,no
1402,2074-GKOWZ,0.9920634920634921,no
6865,9753-OYLBX,0.9117647058823529,no
2124,3055-MJDSB,0.9834710743801653,no
4092,5781-RFZRP,0.6717428087986463,no
6869,9761-XUJWD,0.9782608695652174,no
73,0118-JPNOY,0.952054794520548,no
6271,8874-EJNSR,0.972972972972973,no
1982,2867-UIMSS,0.8787878787878788,no
7032,9975-GPKZU,0.6717428087986463,no
4324,6100-QQHEB,0.6434108527131783,no
2007,2896-TBNBE,0.9722222222222222,no
5230,7359-WWYJV,0.6717428087986463,no
4715,6646-JPPHA,0.7972972972972973,no
3943,5550-VFRLC,0.4405099150141643,yes
1493,2202-CUYXZ,0.9829059829059829,no
5703,8035-PWSEV,0.639344262295082,no
2588,3703-KBKZP,0.4405099150141643,yes
3974,5599-HVLTW,0.4405099150141643,yes
3831,5382-TEMLV,0.4405099150141643,yes
4492,6339-TBELP,0.4405099150141643,yes
5123,7207-RMRDB,0.972972972972973,no
1694,2469-DTSGX,0.9117647058823529,no
2591,3704-IEAXF,0.4405099150141643,yes
4519,6368-TZZDT,0.4405099150141643,yes
5069,7129-AZJDE,1.0,no
4544,6407-GSJNL,0.952054794520548,no
6465,9150-HEPMB,0.5862068965517241,no
1040,1506-YJTYT,0.4405099150141643,yes
5076,7134-HBPBS,0.972972972972973,no
2538,3635-QQRQD,0.4267241379310345,yes
4641,6549-NNDYT,0.4405099150141643,yes
6898,9796-BPKIW,0.8787878787878788,no
5735,8069-YQQAJ,0.639344262295082,no
5865,8242-SOQUO,0.9263157894736842,no
2308,3308-DGHKL,0.4405099150141643,yes
6174,8740-CRYFY,0.9130434782608695,no
5767,8109-YUOHE,0.4405099150141643,yes
2795,3976-NLDEZ,0.8688524590163934,no
4431,6248-BSHKG,0.6790123456790124,no
2791,3970-XGJDU,0.4405099150141643,yes
432,0634-SZPQA,0.4267241379310345,yes
1772,2589-AYCRP,0.9834710743801653,no
2677,3800-LYTRK,0.4405099150141643,yes
4652,6563-VRERX,0.9130434782608695,no
7005,9938-ZREHM,0.6717428087986463,no
1511,2220-IAHLS,0.6717428087986463,no
6340,8979-CAMGB,0.6717428087986463,no
169,0270-THENM,0.4405099150141643,yes
6769,9611-CTWIH,0.8787878787878788,no
6283,8885-QSQBX,0.4267241379310345,yes
6374,9030-QGZNL,0.6571428571428571,no
1935,2810-FTLEM,0.4405099150141643,yes
4504,6350-XFYGW,0.6717428087986463,no
4971,6993-YGFJV,0.972972972972973,no
2875,4097-YODCF,0.972972972972973,no
247,0376-OIWME,0.6717428087986463,no
3543,5022-JNQEQ,0.8688524590163934,no
3917,5515-AKOAJ,0.8695652173913043,no
4938,6956-SMUCM,0.9523809523809523,no
3598,5103-MHMHY,0.9263157894736842,no
6606,9391-DXGGG,0.4405099150141643,yes
5323,7519-JTWQH,0.4405099150141643,yes
4347,6131-FOYAS,0.8688524590163934,no
6818,9681-OXGVC,0.7745098039215687,no
1329,1977-STDKI,0.9523809523809523,no
5191,7302-ZHMHP,0.4405099150141643,yes
451,0661-XEYAN,0.9159663865546218,no
4266,6007-TCTST,0.7962962962962963,no
1142,1682-VCOIO,0.9920634920634921,no
1684,2454-RPBRZ,0.4405099150141643,yes
6148,8710-YGLWG,0.639344262295082,no
506,0742-LAFQK,0.4405099150141643,yes
5026,7064-JHXCE,0.4267241379310345,yes
5863,8242-JSVBO,0.639344262295082,no
1019,1471-GIQKQ,0.6717428087986463,no
4820,6778-EICRF,0.6717428087986463,no
942,1360-XFJMR,0.9920634920634921,no
4049,5702-KVQRD,0.639344262295082,no
5392,7602-MVRMB,0.6717428087986463,no
143,0236-HFWSV,0.6717428087986463,no
601,0880-FVFWF,0.9159663865546218,no
6386,9052-DHNKM,0.4405099150141643,yes
4337,6121-TNHBO,0.8688524590163934,no
3285,4693-VWVBO,0.639344262295082,no
1074,1565-RHDJD,0.6571428571428571,no
477,0696-UKTOX,0.6717428087986463,no
5882,8267-KFGYD,0.9722222222222222,no
1801,2632-TACXW,0.4405099150141643,yes
1185,1744-JHKYS,0.6790123456790124,no
391,0578-SKVMF,0.6717428087986463,no
457,0670-KDOMA,0.4405099150141643,yes
5729,8065-BVEPF,1.0,no
2306,3301-VKTGC,0.4267241379310345,yes
5440,7660-HDPJV,0.9829059829059829,no
1964,2843-CQMEG,1.0,no
4877,6870-ZWMNX,0.9829059829059829,no
972,1403-LKLIK,0.9230769230769231,no
1675,2446-BEGGB,0.4405099150141643,yes
4368,6164-HAQTX,0.9263157894736842,no
2363,3387-VATUS,0.4267241379310345,yes
2379,3407-JMJQQ,0.6717428087986463,no
2503,3580-HYCSP,0.8688524590163934,no
3880,5453-AXEPF,0.6434108527131783,no
2900,4132-KALRO,1.0,no
4614,6506-EYCNH,0.6571428571428571,no
4540,6400-BWQKW,0.8695652173913043,no
4912,6916-HIJSE,0.9393939393939394,no
3678,5186-PEIZU,0.6717428087986463,no
4293,6048-NJXHX,0.7745098039215687,no
4351,6134-KWTBV,0.6717428087986463,no
4462,6289-CPNLD,0.9829059829059829,no
3776,5312-UXESG,0.8695652173913043,no
1724,2514-GINMM,0.9834710743801653,no
1764,2580-ASVVY,0.4405099150141643,yes
4550,6416-JNVRK,0.4267241379310345,yes
2629,3739-YBWAB,0.4405099150141643,yes
4915,6917-YACBP,0.8787878787878788,no
6077,8614-VGMMV,0.9782608695652174,no
3674,5181-OABFK,0.9829059829059829,no
2068,2977-CEBSX,0.8,no
1111,1624-NALOJ,0.5816326530612245,no
3906,5495-GPSRW,0.4405099150141643,yes
4470,6303-KFWSL,0.952054794520548,no
3988,5624-BQSSA,0.8695652173913043,no
4740,6681-ZSEXG,0.9393939393939394,no
6485,9185-TQCVP,0.4405099150141643,yes
5886,8272-ONJLV,0.4267241379310345,yes
2373,3398-ZOUAA,0.4405099150141643,yes
6460,9140-CZQZZ,0.9829059829059829,no
4554,6418-PIQSP,0.639344262295082,no
6790,9637-EIHEQ,0.952054794520548,no
7015,9953-ZMKSM,0.7745098039215687,no
6929,9830-ECLEN,0.952054794520548,no
6394,9058-CBREO,0.9829059829059829,no
3783,5321-NTRKC,0.972972972972973,no
3253,4654-DLAMQ,0.952054794520548,no
3270,4673-KKSLS,0.8,no
699,1031-IIDEO,0.8695652173913043,no
2453,3512-IZIKN,0.972972972972973,no
3095,4439-JMPMT,0.8787878787878788,no
22,0027-KWYKW,0.9263157894736842,no
2999,4291-YZODP,0.639344262295082,no
121,0212-ISBBF,0.639344262295082,no
2102,3014-WJKSM,0.4405099150141643,yes
279,0411-EZJZE,0.4405099150141643,yes
4759,6698-OXETB,0.952054794520548,no
109,0193-ESZXP,0.7058823529411765,no
4400,6202-JVYEU,0.4405099150141643,yes
1249,1848-LBZHY,0.4405099150141643,yes
5796,8161-QYMTT,0.6717428087986463,no
306,0454-OKRCT,0.4405099150141643,yes
831,1215-EXRMO,0.639344262295082,no
637,0931-MHTEM,0.9263157894736842,no
4244,5985-BEHZK,0.4405099150141643,yes
6990,9921-EZKBY,0.7972972972972973,no
3440,4878-BUNFV,0.6717428087986463,no
3377,4811-JBUVU,0.952054794520548,no
4024,5673-FSSMF,1.0,no
3005,4301-VVZKA,0.9722222222222222,no
3406,4828-FAZPK,0.639344262295082,no
4264,6000-UKLWI,0.9834710743801653,no
5246,7395-XWZOY,0.9834710743801653,no
4530,6380-ARCEH,0.9834710743801653,no
2622,3729-OWRVL,0.639344262295082,no
1972,2856-HYAPG,0.8918918918918919,no
5581,7856-GANIL,0.4267241379310345,yes
3111,4459-BBGHE,0.972972972972973,no
6807,9661-JALZV,0.5816326530612245,no
5506,7753-USQYQ,0.6717428087986463,no
685,1015-JPFYW,0.9263157894736842,no
5446,7665-NKLAV,0.6790123456790124,no
6388,9053-EJUNL,0.7058823529411765,no
3604,5117-ZSMHQ,0.4405099150141643,yes
72,0117-LFRMW,0.9159663865546218,no
6605,9389-ACWBI,0.7745098039215687,no
4933,6946-LMSQS,0.9263157894736842,no
1172,1725-MIMXW,0.4405099150141643,yes
2808,3996-ZNWYK,0.9829059829059829,no
615,0899-WZRSD,0.6666666666666666,no
6233,8815-LMFLX,0.9834710743801653,no
479,0699-NDKJM,0.4405099150141643,yes
1663,2424-WVHPL,0.6717428087986463,no
4828,6797-LNAQX,0.4267241379310345,yes
1382,2043-WVTQJ,0.4267241379310345,yes
2843,4057-FKCZK,0.9159663865546218,no
6021,8512-WIWYV,0.8787878787878788,no
3622,5135-GRQJV,0.4405099150141643,yes
3972,5597-GLBUC,0.6717428087986463,no
5675,7997-EASSD,0.84375,no
3354,4785-FCIFB,0.972972972972973,no
1191,1755-FZQEC,0.972972972972973,no
3814,5364-XYIRR,0.6717428087986463,no
5363,7572-KPVKK,0.972972972972973,no
3602,5115-SQAAU,0.6434108527131783,no
4361,6147-CBCRA,0.8695652173913043,no
2582,3692-JHONH,0.9159663865546218,no
740,1088-CNNKB,0.8695652173913043,no
2686,3810-DVDQQ,0.7962962962962963,no
5561,7831-QGOXH,0.6434108527131783,no
2429,3474-BAFSJ,0.4267241379310345,yes
2701,3842-IYKUE,0.4405099150141643,yes
6026,8519-QJGJD,0.6790123456790124,no
6862,9747-DDZOS,0.7962962962962963,no
2880,4106-HADHQ,0.7745098039215687,no
11,0017-IUDMW,0.952054794520548,no
3343,4763-PGDPO,0.4405099150141643,yes
6186,8751-EDEKA,0.6666666666666666,no
2172,3104-OWCGK,0.4405099150141643,yes
2199,3148-BLQJT,0.8695652173913043,no
1940,2815-CPTUL,0.972972972972973,no
3581,5073-WXOYN,0.6717428087986463,no
3341,4760-THGOT,0.6434108527131783,no
1878,2724-FJDYW,0.9263157894736842,no
5428,7639-OPLNG,0.6717428087986463,no
2304,3298-QEICA,0.4405099150141643,yes
6586,9362-MWODR,0.9834710743801653,no
5278,7446-SFAOA,0.9159663865546218,no
3326,4737-AQCPU,0.4267241379310345,yes
6705,9522-ZSINC,0.639344262295082,no
2633,3745-HRPHI,0.4405099150141643,yes
1831,2669-QVCRG,0.4405099150141643,yes
671,0980-FEXWF,0.6717428087986463,no
4761,6701-YVNQG,0.4405099150141643,yes
808,1177-XZBJL,0.9263157894736842,no
5517,7771-CFQRQ,0.6717428087986463,no
1542,2252-JHJGE,0.9920634920634921,no
448,0661-KBKPA,0.4405099150141643,yes
6255,8851-RAGOV,0.7058823529411765,no
4955,6979-TNDEU,0.9722222222222222,no
1400,2072-ZVJJX,0.639344262295082,no
840,1222-KJNZD,0.9834710743801653,no
6595,9372-TXXPS,0.6717428087986463,no
4242,5982-PSMKW,0.6434108527131783,no
1712,2495-KZNFB,0.4405099150141643,yes
119,0207-MDKNV,0.4405099150141643,yes
927,1346-PJWTK,0.9393939393939394,no
2646,3758-CKOQL,0.9159663865546218,no
4939,6959-GQEGV,0.6790123456790124,no
1780,2604-IJPDU,0.8918918918918919,no
4380,6174-NRBTZ,0.5816326530612245,no
4481,6323-AYBRX,0.9782608695652174,no
31,0048-PIHNL,0.6717428087986463,no
5545,7811-JIVPF,0.6790123456790124,no
5490,7729-JTEEC,0.4405099150141643,yes
4134,5846-ABOBJ,0.639344262295082,no
6500,9221-OTIVJ,0.6434108527131783,no
2003,2889-FPWRM,0.6790123456790124,no
5636,7945-HLKEA,0.639344262295082,no
6591,9367-TCUYN,0.4405099150141643,yes
1567,2277-BKJKN,0.6717428087986463,no
5420,7633-MVPUY,0.9263157894736842,no
3015,4315-MURBD,0.6717428087986463,no
504,0734-OXWBT,0.8695652173913043,no
6152,8714-EUHJO,0.4267241379310345,yes
555,0818-OCPZO,1.0,no
17,0021-IKXGC,0.7745098039215687,no
5945,8383-SGHJU,0.9920634920634921,no
4501,6347-DCUIK,0.639344262295082,no
1328,1976-CFOCS,0.7745098039215687,no
3426,4854-CIDCF,0.6434108527131783,no
6446,9127-QRZMH,0.9159663865546218,no
819,1196-AMORA,0.639344262295082,no
4770,6713-OKOMC,0.4405099150141643,yes
6917,9820-RMCQV,0.4405099150141643,yes
4175,5902-WBLSE,0.9263157894736842,no
5355,7563-BIUPC,0.9523809523809523,no
5460,7683-CBDKJ,0.4405099150141643,yes
4628,6522-OIQSX,0.972972972972973,no
261,0388-EOPEX,0.4267241379310345,yes
5620,7921-BEPCI,0.7745098039215687,no
6260,8859-DZTGQ,1.0,no
2578,3683-QKIUE,0.4405099150141643,yes
1453,2144-ESWKO,0.6717428087986463,no
3570,5057-RKGLH,0.9920634920634921,no
1857,2692-PFYTJ,0.9722222222222222,no
2105,3021-VLNRJ,0.8695652173913043,no
709,1045-LTCYT,0.952054794520548,no
5252,7401-JIXNM,0.6717428087986463,no
1821,2657-VPXTA,1.0,no
3544,5022-KVDQT,0.84375,no
1582,2305-MRGLV,0.4405099150141643,yes
2715,3865-YIOTT,0.8688524590163934,no
6747,9577-WJVCQ,0.6571428571428571,no
2705,3847-BAERP,0.9263157894736842,no
2836,4032-RMHCI,0.7972972972972973,no
5439,7658-UYUQS,0.9829059829059829,no
6532,9274-UARKJ,0.9159663865546218,no
576,0847-HGRML,0.639344262295082,no
4310,6078-VESFR,0.9393939393939394,no
2957,4223-WOZCM,0.4405099150141643,yes
643,0942-KOWSM,0.972972972972973,no
5533,7789-HKSBS,0.4405099150141643,yes
6635,9432-RUVSL,0.8695652173913043,no
2548,3644-QXEHN,0.4405099150141643,yes
3277,4683-WYDOU,0.6717428087986463,no
629,0925-VYDLG,0.639344262295082,no
2057,2960-NKRSO,0.6717428087986463,no
1808,2639-UGMAZ,0.639344262295082,no
2009,2898-LSJGD,0.6717428087986463,no
1998,2884-GBPFB,0.4405099150141643,yes
3259,4659-NZRUF,0.4405099150141643,yes
588,0867-LDTTC,0.6434108527131783,no
5526,7781-EWARA,0.4405099150141643,yes
3395,4822-RVYBB,0.6717428087986463,no
6904,9800-OUIGR,0.8787878787878788,no
2469,3533-UVMOM,0.6717428087986463,no
5996,8457-XIGKN,0.952054794520548,no
2086,2990-OGYTD,0.8695652173913043,no
3696,5203-XEHAX,0.972972972972973,no
5898,8295-KMENE,0.4405099150141643,yes
6156,8720-RQSBJ,0.8918918918918919,no
6902,9799-CAYJJ,0.6717428087986463,no
2607,3717-OFRTN,0.6717428087986463,no
1984,2868-MZAGQ,0.4267241379310345,yes
6072,8606-OEGQZ,0.6717428087986463,no
6400,9065-ZCPQX,0.9920634920634921,no
3201,4587-NUKOX,0.9829059829059829,no
6346,8985-OOPOS,0.8787878787878788,no
5423,7636-OWBPG,0.972972972972973,no
4117,5825-XJOCM,0.8695652173913043,no
2929,4183-WCSEP,0.7647058823529411,no
3744,5275-PMFUT,0.5816326530612245,no
1188,1751-NCDLI,0.9263157894736842,no
4754,6693-DJWTY,0.9920634920634921,no
2813,4002-BQWPQ,0.9130434782608695,no
4937,6954-OOYZZ,0.6666666666666666,no
6378,9039-RBEEE,0.7058823529411765,no
3658,5170-PTRKA,0.4405099150141643,yes
5220,7346-MEDWM,0.9393939393939394,no
3722,5233-GEEAX,0.4405099150141643,yes
2451,3511-APPBJ,0.639344262295082,no
5086,7143-BQIBA,0.9117647058823529,no
2060,2967-MXRAV,0.8787878787878788,no
5294,7473-ZBDSN,0.6434108527131783,no
163,0265-EDXBD,0.6717428087986463,no
955,1386-ZIKUV,0.6717428087986463,no
283,0420-BWTPW,0.6790123456790124,no
682,1009-IRMNA,0.9263157894736842,no
2767,3938-YFPXD,0.4405099150141643,yes
2620,3727-OWVYD,0.4405099150141643,yes
4204,5937-EORGB,0.6790123456790124,no
1916,2791-SFVEW,1.0,no
672,0980-PVMRC,0.4267241379310345,yes
2552,3648-GZPHF,0.9159663865546218,no
6815,9677-AVKED,0.6717428087986463,no
1083,1576-PFZIW,1.0,no
6651,9462-MJUAW,0.4405099150141643,yes
5318,7511-YMXVQ,0.9159663865546218,no
5067,7128-GGCNO,0.4405099150141643,yes
5302,7492-TAFJD,0.952054794520548,no
6290,8901-UPRHR,0.972972972972973,no
3559,5044-XDPYX,0.4405099150141643,yes
683,1010-DIAUQ,0.9834710743801653,no
1854,2691-NZETQ,0.9834710743801653,no
5372,7586-ZATGZ,0.6666666666666666,no
1222,1810-MVMAI,0.972972972972973,no
5186,7296-PIXQY,0.8695652173913043,no
7036,9985-MWVIX,0.4405099150141643,yes
5001,7028-DVOIQ,0.972972972972973,no
285,0420-TXVSG,0.6434108527131783,no
4936,6953-PBDIN,0.6717428087986463,no
743,1090-ESELR,0.972972972972973,no
6293,8903-XEBGX,0.6434108527131783,no
6717,9541-PWTWO,0.6434108527131783,no
756,1099-BTKWT,0.9829059829059829,no
6227,8807-ARQET,0.9263157894736842,no
458,0673-IGUQO,0.4405099150141643,yes
487,0709-TVGUR,0.8695652173913043,no
6529,9269-CQOOL,0.4267241379310345,yes
5537,7798-JVXYM,0.9834710743801653,no
5327,7524-VRLPL,0.9829059829059829,no
6188,8752-IMQOS,0.9920634920634921,no
30,0048-LUMLS,0.9159663865546218,no
4548,6410-LEFEN,0.9920634920634921,no
3640,5149-TGWDZ,0.9130434782608695,no
3916,5514-YQENT,0.952054794520548,no
2133,3063-QFSZL,0.4405099150141643,yes
3110,4458-KVRBJ,0.84375,no
4707,6631-HMANX,1.0,no
2137,3069-SSVSN,0.9782608695652174,no
3050,4366-CTOUZ,0.4405099150141643,yes
3278,4685-ERGHK,0.6790123456790124,no
4076,5756-OZRIO,0.4405099150141643,yes
2704,3845-JHAMY,0.6790123456790124,no
4203,5935-FCCNB,0.7962962962962963,no
2423,3468-DRVQJ,0.4405099150141643,yes
2506,3583-KRKMD,0.7745098039215687,no
1662,2419-FSORS,0.4405099150141643,yes
938,1357-BIJKI,0.6717428087986463,no
3123,4480-QQRHC,0.4405099150141643,yes
1091,1589-AGTLK,0.6717428087986463,no
6786,9631-XEYKE,0.4405099150141643,yes
5312,7503-ZGUZJ,0.8695652173913043,no
2411,3452-FLHYD,0.9117647058823529,no
3709,5219-YIPTK,0.9834710743801653,no
4217,5951-AOFIH,0.4405099150141643,yes
2656,3774-VBNXY,1.0,no
5929,8348-JLBUG,0.6717428087986463,no
267,0396-YCHWO,0.9263157894736842,no
3853,5419-JKZNQ,0.972972972972973,no
6229,8808-ELEHO,0.6717428087986463,no
3495,4950-HKQTE,0.952054794520548,no
4927,6933-FHBZC,0.9920634920634921,no
2211,3165-HDOEW,0.8695652173913043,no
6424,9097-ZUBYC,0.4405099150141643,yes
1027,1482-OXZSY,0.9393939393939394,no
6320,8946-BFWSG,0.9159663865546218,no
2978,4256-ZWTZI,0.7972972972972973,no
3070,4393-OBCRR,0.7745098039215687,no
43,0074-HDKDG,1.0,no
316,0468-YRPXN,0.9393939393939394,no
4985,7010-ZMVBF,0.972972972972973,no
4126,5835-BEQEU,0.9130434782608695,no
6867,9755-JHNMN,0.9263157894736842,no
5746,8084-OIVBS,0.4267241379310345,yes
2837,4039-HEUNW,0.7745098039215687,no
2407,3446-QDSZF,0.9920634920634921,no
6960,9873-MNDKV,0.8695652173913043,no
4496,6341-JVQGF,0.7745098039215687,no
6261,8859-YSTWS,0.4405099150141643,yes
1208,1777-JYQPJ,0.6717428087986463,no
1852,2688-BHGOG,0.9782608695652174,no
5006,7032-LMBHI,0.6717428087986463,no
4265,6005-OBZPH,0.6717428087986463,no
5902,8311-UEUAB,0.9263157894736842,no
3504,4959-JOSRX,0.6790123456790124,no
3478,4927-WWOOZ,0.9834710743801653,no
3793,5334-JLAXU,0.4267241379310345,yes
4480,6322-PJJDJ,0.5816326530612245,no
1847,2682-KEVRP,0.6717428087986463,no
4904,6905-NIQIN,1.0,no
4745,6685-XSHHU,0.7745098039215687,no
4970,6993-YCOBK,0.9159663865546218,no
2731,3887-PBQAO,1.0,no
3289,4697-LUPSU,0.4405099150141643,yes
6652,9465-RWMXL,1.0,no
2798,3981-QSVQI,0.8,no
3105,4451-RWASJ,1.0,no
1546,2256-YLYLP,0.9920634920634921,no
6830,9701-CDXHR,0.6790123456790124,no
4733,6664-FPDAC,0.4267241379310345,yes
3805,5351-QESIO,0.6571428571428571,no
2279,3258-SANFR,0.4405099150141643,yes
2061,2968-SSGAA,0.9920634920634921,no
979,1421-HCERK,1.0,no
5334,7534-BFESC,0.6717428087986463,no
939,1357-MVDOZ,0.9829059829059829,no
6723,9548-LERKT,0.6434108527131783,no
3729,5244-IRFIH,0.4405099150141643,yes
5664,7982-VCELR,0.9117647058823529,no
4062,5727-MYATE,0.6717428087986463,no
5253,7401-RUBNK,0.4405099150141643,yes
2809,3999-QGRJH,1.0,no
1255,1853-UDXBW,0.9263157894736842,no
5272,7434-SHXLS,0.4405099150141643,yes
4201,5934-RMPOV,0.6666666666666666,no
1030,1488-SYSFC,0.6717428087986463,no
5731,8065-YKXKD,0.6571428571428571,no
3866,5442-PPTJY,0.9829059829059829,no
2965,4236-UJPWO,0.6717428087986463,no
3730,5245-VDBUR,0.9263157894736842,no
6899,9796-MVYXX,0.9523809523809523,no
6694,9507-HSMMZ,0.9117647058823529,no
3952,5566-SOEZD,0.9920634920634921,no
1037,1498-NHTLT,0.9829059829059829,no
6497,9214-EKVXR,0.4405099150141643,yes
1275,1895-QTKDO,0.4405099150141643,yes
4625,6519-CFDBX,0.6717428087986463,no
228,0354-WYROK,0.8787878787878788,no
1239,1837-YQUCE,0.4267241379310345,yes
3335,4750-UKWJK,1.0,no
5515,7766-CLTIC,0.4267241379310345,yes
6814,9675-ICXCT,0.7962962962962963,no
2089,2996-XAUVF,0.6717428087986463,no
618,0906-QVPMS,0.7058823529411765,no
5326,7521-YXVZY,0.9159663865546218,no
5077,7134-MJPDY,0.639344262295082,no
4307,6075-QMNRR,0.9920634920634921,no
192,0308-GIQJT,0.5862068965517241,no
2994,4290-BSXUX,0.5816326530612245,no
3423,4851-BQDNX,0.9230769230769231,no
5089,7148-XZPHA,0.4405099150141643,yes
5708,8042-JVNFH,0.9523809523809523,no
5861,8237-ULIXL,0.9263157894736842,no
6420,9092-GDZKO,0.9834710743801653,no
4790,6734-CKRSM,0.9166666666666666,no
4192,5919-VCZYM,0.6717428087986463,no
2833,4026-SKKHW,0.4405099150141643,yes
2371,3398-FSHON,0.952054794520548,no
5283,7459-IMVYU,0.6717428087986463,no
4193,5921-NGYRH,0.6717428087986463,no
6129,8679-LZBMD,0.639344262295082,no
6507,9229-RQABD,0.9159663865546218,no
6700,9514-JDSKI,0.9722222222222222,no
5563,7838-LAZFO,0.7745098039215687,no
4771,6715-OFDBP,0.6717428087986463,no
5607,7895-VONWT,0.4405099150141643,yes
4483,6328-ZPBGN,0.9263157894736842,no
3233,4631-OACRM,0.8695652173913043,no
6052,8573-JGCZW,0.952054794520548,no
3847,5402-HTOTQ,0.7647058823529411,no
3505,4962-CHQPW,0.7745098039215687,no
579,0851-DFJKB,0.9834710743801653,no
3893,5478-JJVZK,0.6434108527131783,no
5289,7470-DYNOE,0.8695652173913043,no
2908,4139-JPIAM,0.8695652173913043,no
6612,9396-ZSFLL,0.9834710743801653,no
6093,8630-QSGXK,0.9263157894736842,no
1652,2400-XIWIO,0.639344262295082,no
6801,9650-VBUOG,0.9159663865546218,no
2687,3810-PJUHR,0.6717428087986463,no
4222,5956-YHHRX,0.6717428087986463,no
6082,8622-ZLFKO,0.4405099150141643,yes
6712,9531-NSBMR,0.4267241379310345,yes
6977,9903-LYSAB,0.9159663865546218,no
1939,2812-SFXMJ,0.8,no
6206,8778-LMWTJ,0.4405099150141643,yes
1836,2673-CXQEU,0.6571428571428571,no
4288,6036-TTFYU,0.8695652173913043,no
1423,2096-XOTMO,0.9230769230769231,no
5613,7905-NJMXS,0.6717428087986463,no
4357,6141-OOXUQ,0.9159663865546218,no
748,1093-YSWCA,0.4405099150141643,yes
3323,4732-RRJZC,0.9920634920634921,no
3489,4942-VZZOM,0.9834710743801653,no
516,0750-EBAIU,0.9263157894736842,no
3457,4902-OHLSK,1.0,no
4885,6885-PKOAM,0.8695652173913043,no
5634,7941-RCJOW,0.6434108527131783,no
6470,9158-VCTQB,0.952054794520548,no
6955,9866-QEVEE,0.952054794520548,no
2771,3946-JEWRQ,0.972972972972973,no
3230,4628-CTTLA,0.4405099150141643,yes
3467,4912-PIGUY,0.952054794520548,no
5999,8465-SBRXP,0.8918918918918919,no
2750,3913-FCUUW,1.0,no
6475,9170-ARBTB,0.6717428087986463,no
967,1400-MMYXY,0.4405099150141643,yes
3320,4727-MCYZG,0.9834710743801653,no
248,0376-YMCJC,0.6717428087986463,no
6393,9057-SIHCH,0.4405099150141643,yes
1373,2038-LLMLM,0.9829059829059829,no
1299,1930-QPBVZ,0.972972972972973,no
4295,6048-UWKAL,0.8787878787878788,no
812,1184-PJVDB,0.6717428087986463,no
4720,6650-BWFRT,0.6717428087986463,no
5485,7721-DVEKZ,0.7745098039215687,no
5820,8191-XWSZG,1.0,no
3985,5619-PTMIK,0.6717428087986463,no
5794,8158-WPEZG,0.9829059829059829,no
7031,9974-JFBHQ,0.9263157894736842,no
592,0870-VEMYL,1.0,no
5251,7399-QHBJS,0.9920634920634921,no
2555,3654-ARMGP,0.7647058823529411,no
1016,1468-DEFNC,0.6717428087986463,no
4839,6818-WOBHJ,0.4405099150141643,yes
3941,5546-QUERU,0.4405099150141643,yes
5482,7717-BICXI,0.9829059829059829,no
3414,4836-WNFNO,0.4405099150141643,yes
4115,5820-PTRYM,0.9263157894736842,no
1319,1963-SVUCV,0.4405099150141643,yes
3387,4817-VYYWS,0.8787878787878788,no
3487,4939-KYYPY,0.9829059829059829,no
6453,9135-MGVPY,0.6717428087986463,no
1571,2282-YGNOR,0.6717428087986463,no
5895,8292-TYSPY,0.4405099150141643,yes
5342,7548-SEPYI,0.6717428087986463,no
6351,8992-JQYUN,0.4405099150141643,yes
4450,6270-OMFIW,0.972972972972973,no
4560,6427-FEFIG,0.8918918918918919,no
6314,8938-UMKPI,0.6434108527131783,no
415,0617-AQNWT,0.6434108527131783,no
108,0191-ZHSKZ,0.4405099150141643,yes
4620,6513-EECDB,0.9829059829059829,no
6853,9734-YWGEX,0.4405099150141643,yes
2288,3269-ATYWD,1.0,no
5750,8089-UZWLX,0.7745098039215687,no
1034,1494-EJZDW,0.9263157894736842,no
3300,4706-DGAHW,0.6717428087986463,no
4021,5669-SRAIP,0.6790123456790124,no
1280,1902-XBTFB,0.639344262295082,no
5204,7321-PKUYW,0.4267241379310345,yes
960,1394-SUIUH,0.4267241379310345,yes
362,0531-ZZJWQ,0.952054794520548,no
5028,7067-KSAZT,0.9834710743801653,no
3661,5172-RKOCB,0.9166666666666666,no
6944,9847-HNVGP,0.4405099150141643,yes
1474,2180-DXNEG,0.7962962962962963,no
3619,5133-POWUA,0.7745098039215687,no
4254,5995-SNNEW,0.4267241379310345,yes
5132,7225-IILWY,0.5816326530612245,no
4837,6817-WTYHE,0.639344262295082,no
146,0239-OXEXL,0.6717428087986463,no
3072,4395-PZMSN,0.4405099150141643,yes
5568,7845-URHJN,0.6717428087986463,no
3318,4724-WXVWF,0.6717428087986463,no
2108,3026-ATZYV,0.6717428087986463,no
4662,6581-NQCBA,0.5862068965517241,no
3919,5515-RUGKN,0.7745098039215687,no
3993,5628-RKIFK,0.9736842105263158,no
1937,2812-ENYMO,0.7745098039215687,no
6371,9027-YFHQJ,0.6790123456790124,no
6503,9225-BZLNZ,0.9722222222222222,no
2212,3166-PNEOF,1.0,no
5754,8096-LOIST,0.7962962962962963,no
3980,5606-AMZBO,0.4405099150141643,yes
993,1442-OKRJE,1.0,no
4749,6689-TCZHQ,0.6717428087986463,no
5101,7167-PCEYD,0.4405099150141643,yes
2661,3780-DDGSE,0.7745098039215687,no
1826,2664-XJZNO,0.952054794520548,no
6197,8766-PAFNE,0.9920634920634921,no
4110,5813-UECBU,0.84375,no
5159,7252-NTGSS,0.84375,no
4270,6015-VVHHE,0.4405099150141643,yes
5051,7103-ZGVNT,0.639344262295082,no
1138,1676-MQAOA,0.6571428571428571,no
6622,9411-TPQQV,0.4267241379310345,yes
3158,4529-CKBCL,0.6717428087986463,no
1151,1697-BCSHV,0.6434108527131783,no
3262,4662-EKDPQ,0.4267241379310345,yes
1257,1855-CFULU,0.952054794520548,no
2752,3914-FDRHP,0.9230769230769231,no
3527,5003-OKNNK,0.972972972972973,no
2746,3908-BLSYF,0.6717428087986463,no
1911,2786-GCDPI,0.6717428087986463,no
5185,7295-JOMMD,0.639344262295082,no
6764,9603-OAIHC,0.9159663865546218,no
1957,2834-JKOOW,0.6717428087986463,no
6210,8780-IXSTS,0.4267241379310345,yes
3159,4530-NDRKU,0.5816326530612245,no
1263,1866-RZZQS,1.0,no
2169,3097-NQYSN,1.0,no
373,0556-FJEGU,0.5862068965517241,no
5247,7396-VJUZB,0.6717428087986463,no
874,1265-ZFOSD,0.6717428087986463,no
6035,8548-AWOFC,0.6717428087986463,no
6118,8663-UPDGF,0.6717428087986463,no
642,0940-OUQEC,0.9829059829059829,no
3311,4716-MRVEN,1.0,no
5665,7989-AWGEH,0.9829059829059829,no
6847,9728-FTTVZ,0.4405099150141643,yes
1110,1623-NLDOT,0.639344262295082,no
6941,9845-PEEKO,0.9782608695652174,no
5994,8455-HIRAQ,0.9920634920634921,no
4191,5919-TMRGD,0.4405099150141643,yes
3781,5318-YKDPV,0.4405099150141643,yes
3120,4475-NVTLU,0.9782608695652174,no
764,1112-CUNAO,0.7647058823529411,no
2287,3266-FTKHB,0.6717428087986463,no
2951,4208-UFFGW,0.4267241379310345,yes
1199,1766-GKNMI,0.9834710743801653,no
118,0206-TBWLC,0.6790123456790124,no
755,1098-TDVUQ,0.972972972972973,no
2464,3524-WQDSG,0.6717428087986463,no
4863,6855-VLGOS,0.9263157894736842,no
5399,7609-NRNCA,0.4405099150141643,yes
4746,6686-YPGHK,0.9263157894736842,no
940,1360-JYXKQ,0.8,no
4396,6198-ZFIOJ,0.6717428087986463,no
4329,6108-OQZDQ,0.8688524590163934,no
3149,4521-YEEHE,0.6434108527131783,no
6336,8972-HJWNV,0.6790123456790124,no
2886,4115-BNPJY,0.9920634920634921,no
2823,4013-GUXND,0.7962962962962963,no
1547,2257-BOVXD,0.6434108527131783,no
6964,9881-VCZEP,0.9834710743801653,no
326,0485-ZBSLN,0.7972972972972973,no
3347,4770-UEZOX,0.6790123456790124,no
2246,3209-ZPKFI,0.8,no
5102,7168-HDQHG,0.7058823529411765,no
4473,6308-CQRBU,0.5816326530612245,no
6273,8878-HMWBV,0.6717428087986463,no
48,0082-LDZUE,0.8787878787878788,no
6461,9142-KZXOP,0.6717428087986463,no
5614,7905-TVXTA,0.9159663865546218,no
687,1016-DJTSV,0.972972972972973,no
1260,1866-DIOQZ,0.639344262295082,no
159,0259-GBZSH,0.7058823529411765,no
4236,5977-CKHON,0.9829059829059829,no
1557,2270-CHBFN,0.4405099150141643,yes
6962,9878-TNQGW,0.9834710743801653,no
651,0953-LGOVU,0.952054794520548,no
4972,6994-FGRHH,0.952054794520548,no
2559,3658-KIBGF,0.7058823529411765,no
1839,2674-MLXMN,0.639344262295082,no
124,0218-QNVAS,1.0,no
6611,9392-XBGTD,0.8787878787878788,no
6791,9638-JIQYA,0.9159663865546218,no
610,0895-LNKRC,0.4405099150141643,yes
6,0013-SMEOE,0.7647058823529411,no
1079,1571-SAVHK,0.9159663865546218,no
5108,7180-PISOG,0.4405099150141643,yes
6583,9360-AHGNL,0.972972972972973,no
791,1154-HYWWO,0.9920634920634921,no
6032,8544-GOQSH,0.6434108527131783,no
3590,5089-IFSDP,0.7972972972972973,no
4926,6928-ONTRW,0.9829059829059829,no
6284,8887-IPQNC,0.6434108527131783,no
648,0947-IDHRQ,0.9263157894736842,no
5357,7566-DSRLQ,0.4405099150141643,yes
5113,7188-CBBBA,0.4405099150141643,yes
6054,8580-AECUZ,0.4405099150141643,yes
397,0585-EGDDA,0.4405099150141643,yes
3760,5296-PSYVW,0.7972972972972973,no
84,0135-NMXAP,0.9920634920634921,no
4766,6710-HSJRD,0.8787878787878788,no
1175,1729-VLAZJ,0.4267241379310345,yes
5546,7812-FZHPE,0.4267241379310345,yes
4155,5876-HZVZM,0.9829059829059829,no
3618,5131-PONJI,0.8787878787878788,no
4061,5726-CVNYA,0.7058823529411765,no
4148,5863-OOKCL,0.7962962962962963,no
2071,2982-IHMFT,0.6717428087986463,no
400,0595-ITUDF,0.4405099150141643,yes
2782,3957-LXOLK,0.5816326530612245,no
5450,7668-XCFYV,0.6717428087986463,no
5376,7593-JNWRU,0.4405099150141643,yes
963,1396-QWFBJ,0.7058823529411765,no
2186,3132-TVFDZ,0.9834710743801653,no
1240,1839-FBNFR,0.9130434782608695,no
6142,8705-WZCYL,0.4405099150141643,yes
4944,6963-EZQEE,1.0,no
1281,1904-WAJAA,0.6571428571428571,no
2618,3727-JEZTU,0.9834710743801653,no
813,1187-WILMM,0.7962962962962963,no
849,1229-RCALF,0.9130434782608695,no
878,1270-XKUCC,0.9263157894736842,no
6510,9236-NDUCW,1.0,no
3114,4465-VDKIQ,0.5816326530612245,no
5683,8008-HAWED,0.9920634920634921,no
5281,7450-NWRTR,0.7058823529411765,no
4788,6732-VAILE,0.9159663865546218,no
3962,5575-GNVDE,0.4405099150141643,yes
6864,9752-ZNQUT,0.7058823529411765,no
2415,3454-JFUBC,0.9834710743801653,no
4545,6407-UTSLV,1.0,no
4729,6656-JWRQX,0.9263157894736842,no
3525,4999-IEZLT,0.4405099150141643,yes
619,0907-HQNTS,0.4405099150141643,yes
5375,7590-VHVEG,0.8787878787878788,no
718,1060-ENTOF,0.8688524590163934,no
2416,3457-PQBYH,0.4405099150141643,yes
3986,5619-XZZKR,0.5862068965517241,no
3946,5555-RNPGT,0.6666666666666666,no
530,0780-XNZFN,0.9736842105263158,no
2356,3374-LXDEV,0.5816326530612245,no
3620,5133-VRSAB,0.8695652173913043,no
6604,9388-ZEYVT,0.6717428087986463,no
6981,9909-DFRJA,0.8787878787878788,no
6053,8577-QSOCG,0.639344262295082,no
1447,2137-DQMEV,0.6434108527131783,no
2981,4274-DRSQT,0.7058823529411765,no
1899,2758-RNWXS,0.4405099150141643,yes
4023,5671-UUNXD,0.6717428087986463,no
148,0247-SLUJI,0.6717428087986463,no
6987,9919-FZDED,0.4405099150141643,yes
4129,5840-NVDCG,0.7962962962962963,no
3148,4521-WFJAI,0.6717428087986463,no
6950,9860-LISIZ,0.6717428087986463,no
5495,7734-DBOAI,0.6571428571428571,no
35,0057-QBUQH,0.8918918918918919,no
4467,6298-QDFNH,0.9263157894736842,no
1193,1757-TCATG,0.6434108527131783,no
4851,6838-YAUVY,0.6717428087986463,no
1627,2369-FEVNO,0.6434108527131783,no
801,1169-WCVAK,0.4405099150141643,yes
6038,8559-CIZFV,0.9263157894736842,no
6405,9068-VPWQQ,0.972972972972973,no
4638,6543-XRMYR,0.639344262295082,no
6158,8722-PRFDV,0.6717428087986463,no
4421,6233-HXJMX,0.9263157894736842,no
6811,9668-PUGNU,0.9263157894736842,no
5031,7074-IEVOJ,0.4405099150141643,yes
2446,3506-OVLKD,0.8695652173913043,no
2806,3992-YWPKO,0.6717428087986463,no
2182,3128-YOVTD,0.6717428087986463,no
5241,7389-KBFIT,0.4267241379310345,yes
3222,4622-YNKIJ,0.4405099150141643,yes
2659,3778-FOAQW,0.9782608695652174,no
2196,3146-JTQHR,0.6717428087986463,no
2770,3945-GFWQL,0.6790123456790124,no
2803,3987-KQDDU,0.9782608695652174,no
4429,6243-OZGFH,0.9393939393939394,no
5552,7817-BOQPW,0.4267241379310345,yes
5950,8388-FYNPZ,0.6717428087986463,no
3297,4703-MQYKT,0.4267241379310345,yes
2299,3284-SVCRO,1.0,no
6251,8847-GEOOQ,0.972972972972973,no
6750,9581-GVBXT,0.7745098039215687,no
5930,8350-NYMVI,0.6717428087986463,no
4507,6352-TWCAU,0.7972972972972973,no
5711,8044-BGWPI,0.8688524590163934,no
4125,5834-ASPWA,0.4405099150141643,yes
4162,5884-GCYMI,0.952054794520548,no
5616,7909-FIOIY,0.7745098039215687,no
5021,7055-JCGNI,0.952054794520548,no
1131,1658-XUHBX,0.5816326530612245,no
3968,5590-BYNII,0.4405099150141643,yes
4624,6518-PPLMZ,0.9829059829059829,no
6924,9824-BEMCV,0.4405099150141643,yes
1224,1813-JYWTO,1.0,no
3038,4350-ZTLPI,0.9920634920634921,no
6693,9507-EXLTT,0.8787878787878788,no
4083,5766-XQXMQ,0.7962962962962963,no
62,0106-UGRDO,0.7745098039215687,no
2979,4257-GAESD,0.6717428087986463,no
4743,6683-VLCTZ,0.6717428087986463,no
663,0970-ETWGE,0.9829059829059829,no
6128,8679-JOEVF,0.6717428087986463,no
3445,4883-QICIH,0.6717428087986463,no
5093,7156-MXBJE,1.0,no
5126,7216-EWTRS,0.6571428571428571,no
2351,3370-HXOPH,0.7058823529411765,no
6328,8963-JLGJT,0.6717428087986463,no
1102,1602-IJQQE,0.4405099150141643,yes
2667,3791-LGQCY,0.8688524590163934,no
2977,4255-DDUOU,0.6571428571428571,no
2435,3487-EARAT,0.8688524590163934,no
2012,2903-YYTBW,0.952054794520548,no
4034,5688-KZTSN,0.9829059829059829,no
2989,4282-YMKNA,0.9834710743801653,no
6315,8942-DBMHZ,0.9117647058823529,no
5755,8097-OMULG,0.9834710743801653,no
4048,5701-ZIKJE,0.9263157894736842,no
2195,3144-KMTWZ,1.0,no
3376,4808-YNLEU,0.972972972972973,no
1521,2232-DMLXU,0.5816326530612245,no
1303,1934-SJVJK,0.8918918918918919,no
5822,8197-BFWVU,0.9117647058823529,no
3612,5126-RCXYW,0.6717428087986463,no
4256,5996-DAOQL,0.8,no
23,0030-FNXPP,1.0,no
3143,4510-PYUSH,0.4267241379310345,yes
4479,6322-HRPFA,0.6434108527131783,no
1392,2057-ZBLPD,0.639344262295082,no
5916,8329-GWVPJ,0.9263157894736842,no
2703,3845-FXCYS,0.9834710743801653,no
6681,9497-QCMMS,0.8695652173913043,no
732,1080-BWSYE,0.6717428087986463,no
3920,5519-NPHVG,0.9920634920634921,no
3574,5063-IUOKK,0.4267241379310345,yes
5991,8450-LUGUK,0.5816326530612245,no
5403,7613-LLQFO,0.7972972972972973,no
2203,3158-MOERK,0.4405099150141643,yes
670,0979-PHULV,0.9263157894736842,no
4028,5680-LQOGP,1.0,no
6080,8620-RJPZN,0.6717428087986463,no
3066,4390-KYULV,0.8695652173913043,no
1103,1608-GMEWB,0.4405099150141643,yes
2537,3635-JBPSG,1.0,no
3937,5542-NKVRU,0.9834710743801653,no
5010,7037-MTYVW,0.5816326530612245,no
7040,9992-UJOEL,0.639344262295082,no
2080,2987-BJXIK,0.6717428087986463,no
349,0516-QREYC,0.4405099150141643,yes
5466,7693-LCKZL,0.9263157894736842,no
4603,6486-LHTMA,0.6717428087986463,no
2389,3419-SNJJD,0.9263157894736842,no
2788,3967-VQOGC,0.6717428087986463,no
3802,5348-CAGXB,0.9117647058823529,no
4702,6625-UTXEW,0.7972972972972973,no
1828,2667-WYLWJ,0.9159663865546218,no
6916,9819-FBNSV,0.5816326530612245,no
354,0519-XUZJU,0.9834710743801653,no
6918,9821-BESNZ,0.8695652173913043,no
3516,4986-MXSFP,0.7962962962962963,no
107,0191-EQUUH,0.6717428087986463,no
3260,4660-IRIBM,0.7058823529411765,no
5753,8095-WANWK,0.6571428571428571,no
6687,9501-UKKNL,0.9263157894736842,no
6820,9688-YGXVR,0.639344262295082,no
1104,1612-EOHDH,0.6717428087986463,no
4065,5730-RIITO,0.6717428087986463,no
120,0208-BPQEJ,0.5816326530612245,no
857,1241-FPMOF,0.4405099150141643,yes
1333,1984-FCOWB,0.7745098039215687,no
5011,7041-TXQJH,0.7647058823529411,no
3425,4853-RULSV,0.9117647058823529,no
5160,7253-UVNDW,0.9920634920634921,no
2470,3536-IQCTX,0.6717428087986463,no
7008,9943-VSZUV,0.972972972972973,no
6417,9089-UOWJG,0.7058823529411765,no
1680,2452-KDRRH,0.9159663865546218,no
5385,7598-UAASY,0.4405099150141643,yes
3617,5130-YPIRV,0.6790123456790124,no
5977,8429-XIBUM,0.4405099150141643,yes
4050,5702-SKUOB,0.4405099150141643,yes
2601,3716-BDVDB,0.6717428087986463,no
6119,8665-UTDHZ,0.6717428087986463,no
5566,7841-FCRQD,0.9263157894736842,no
3459,4903-UYAVB,0.6434108527131783,no
3614,5129-HHMZC,0.4405099150141643,yes
4577,6458-CYIDZ,0.9117647058823529,no
6408,9073-ZZIAY,0.972972972972973,no
2378,3404-JNXAX,0.9393939393939394,no
4338,6121-VZNQB,0.6717428087986463,no
2569,3672-YITQD,0.4405099150141643,yes
4613,6505-OZNPG,0.4267241379310345,yes
178,0289-IVARM,0.4405099150141643,yes
96,0164-XAIRP,0.972972972972973,no
5179,7284-BUYEC,0.4405099150141643,yes
1726,2516-XSJKX,0.6790123456790124,no
5781,8138-EALND,0.4405099150141643,yes
4461,6288-LBEAR,0.9736842105263158,no
2709,3858-VOBET,0.9829059829059829,no
5908,8316-BBQAY,0.8787878787878788,no
5706,8040-MNRTF,0.639344262295082,no
6163,8731-WBBMB,0.4405099150141643,yes
2532,3627-FCRDW,0.639344262295082,no
5083,7139-JZFVG,0.4267241379310345,yes
5802,8167-GJLRN,1.0,no
5603,7890-VYYWG,0.7962962962962963,no
6603,9386-LDCZR,1.0,no
3494,4950-BDEUX,0.4405099150141643,yes
2744,3902-MIVLE,0.6717428087986463,no
783,1139-WUOAH,0.4405099150141643,yes
4246,5986-WWXDV,0.4405099150141643,yes
3379,4815-GBTCD,0.4405099150141643,yes
2480,3549-ZTMNH,0.952054794520548,no
3446,4884-LEVMQ,0.9834710743801653,no
3852,5419-CONWX,0.9834710743801653,no
6076,8612-GXIDD,0.952054794520548,no
3079,4412-YLTKF,0.639344262295082,no
375,0559-CKHUS,0.972972972972973,no
1348,2004-OCQXK,0.9263157894736842,no
4052,5707-ZMDJP,1.0,no
4903,6904-JLBGY,0.6571428571428571,no
2574,3678-MNGZX,0.84375,no
6935,9838-BFCQT,0.8688524590163934,no
1312,1951-IEYXM,0.4405099150141643,yes
608,0895-DQHEW,0.8688524590163934,no
2402,3439-GVUSX,0.972972972972973,no
4435,6253-GNHWH,0.4405099150141643,yes
1610,2346-DJQTB,0.9159663865546218,no
4229,5968-HYJRZ,0.9722222222222222,no
2549,3645-DEYGF,0.6717428087986463,no
928,1346-UFHAX,0.639344262295082,no
2442,3500-NSDOA,0.6434108527131783,no
2624,3733-UOCWF,0.9782608695652174,no
3007,4304-TSPVK,0.9920634920634921,no
78,0128-MKWSG,0.6717428087986463,no
1621,2361-FJWNO,0.4405099150141643,yes
2664,3785-NRHYR,0.639344262295082,no
4555,6419-ZTTLE,0.7058823529411765,no
1953,2831-EBWRN,0.9159663865546218,no
3096,4439-YRNVD,0.972972972972973,no
788,1150-FTQGN,0.4405099150141643,yes
384,0567-XRHCU,0.9159663865546218,no
6114,8659-HDIYE,1.0,no
1070,1561-BWHIN,0.9263157894736842,no
1128,1657-DYMBM,0.6717428087986463,no
2372,3398-GCPMU,0.9736842105263158,no
4859,6849-OYAMU,0.4405099150141643,yes
4176,5906-BFOZT,0.9834710743801653,no
853,1237-WIYYZ,0.8787878787878788,no
3063,4385-GZQXV,0.7058823529411765,no
1775,2592-YKDIF,0.639344262295082,no
2067,2974-GGUXS,0.4405099150141643,yes
1480,2188-SXWVT,0.8695652173913043,no
5666,7989-CHGTL,0.9263157894736842,no
2083,2988-QRAJY,0.4405099150141643,yes
6615,9399-APLBT,0.952054794520548,no
6789,9637-CDTKZ,0.6571428571428571,no
5020,7055-HNEOJ,0.6717428087986463,no
1634,2378-HTWFW,0.9393939393939394,no
95,0164-APGRB,0.6717428087986463,no
3909,5499-ECUTN,0.7972972972972973,no
6773,9618-LFJRU,0.5862068965517241,no
2909,4139-SUGLD,0.4405099150141643,yes
2140,3070-FNFZQ,0.9829059829059829,no
1907,2777-PHDEI,0.4405099150141643,yes
1962,2842-BCQGE,0.9834710743801653,no
4902,6901-GOGZG,0.4405099150141643,yes
2076,2984-RGEYA,0.9159663865546218,no
1738,2530-ENDWQ,0.9722222222222222,no
6123,8671-KKKOS,0.5816326530612245,no
5786,8148-NLEGT,0.9834710743801653,no
1276,1897-OKVMW,0.952054794520548,no
3384,4816-OKWNX,0.7745098039215687,no
2927,4182-BGSIQ,1.0,no
4526,6376-GAHQE,0.5816326530612245,no
5874,8260-NGFNY,0.4405099150141643,yes
5856,8229-TNIQA,0.8787878787878788,no
1529,2236-HILPA,0.9829059829059829,no
150,0248-PGHBZ,0.4405099150141643,yes
544,0804-XBFBV,0.639344262295082,no
241,0369-ZGOVK,0.9920634920634921,no
5609,7901-HXJVA,0.9834710743801653,no
1528,2235-ZGKPT,0.8688524590163934,no
2751,3913-RDSJZ,0.4267241379310345,yes
6794,9643-AVVWI,0.6717428087986463,no
5788,8149-AIQCG,0.4267241379310345,yes
6308,8922-NPKBJ,0.952054794520548,no
3193,4576-CSAJH,0.639344262295082,no
770,1121-QSIVB,0.6717428087986463,no
2597,3712-PKXZA,0.9782608695652174,no
3302,4707-YNOQA,0.9782608695652174,no
3047,4361-FEBGN,0.7058823529411765,no
201,0318-QUUOB,0.6434108527131783,no
4659,6576-FBXOJ,0.6717428087986463,no
1701,2479-BRAMR,0.8,no
2640,3752-CQSJI,0.6666666666666666,no
4498,6345-FZOQH,0.9829059829059829,no
5168,7270-BDIOA,0.8695652173913043,no
6064,8593-WHYHV,0.4405099150141643,yes
3820,5372-FBKBN,0.6717428087986463,no
2835,4030-VPZBD,0.9829059829059829,no
4815,6772-KSATR,0.972972972972973,no
41,0068-FIGTF,0.4405099150141643,yes
4311,6080-LNESI,0.952054794520548,no
1161,1705-GUHPV,0.5816326530612245,no
2959,4227-OJHAL,0.4405099150141643,yes
567,0835-JKADZ,0.9393939393939394,no
2663,3785-KTYSH,0.6790123456790124,no
6437,9114-AAFQH,0.6717428087986463,no
5395,7605-SNLQG,0.9834710743801653,no
2132,3062-ICYZQ,0.4405099150141643,yes
5276,7445-WMRBW,0.8695652173913043,no
6711,9530-GRMJG,0.6717428087986463,no
823,1205-WNWPJ,0.639344262295082,no
5970,8413-VONUO,0.4405099150141643,yes
4563,6434-TTGJP,0.4405099150141643,yes
4782,6728-DKUCO,0.6717428087986463,no
1725,2516-VQRRV,0.9523809523809523,no
5198,7315-WYOAW,0.4405099150141643,yes
5307,7501-VTYLJ,0.6666666666666666,no
1893,2749-CTKAJ,0.972972972972973,no
3733,5248-YGIJN,0.9834710743801653,no
1473,2178-PMGCJ,0.6717428087986463,no
6557,9314-IJWSQ,0.4405099150141643,yes
3033,4338-EYCER,0.6717428087986463,no
5057,7109-MFBYV,0.9230769230769231,no
2320,3318-NMQXL,0.9829059829059829,no
103,0186-CAERR,0.4405099150141643,yes
3430,4860-IJUDE,0.972972972972973,no
2309,3308-JSGML,0.4267241379310345,yes
6710,9530-EHPOH,0.4405099150141643,yes
4472,6305-YLBMM,0.6434108527131783,no
2262,3230-WYKIR,0.4405099150141643,yes
7011,9945-PSVIP,0.6717428087986463,no
5486,7721-JXEAW,0.4405099150141643,yes
2621,3727-RJMEO,0.4267241379310345,yes
1520,2230-XTUWL,0.6717428087986463,no
3587,5084-OOVCJ,0.6717428087986463,no
5885,8270-RKSAP,0.639344262295082,no
6057,8584-KMVXD,0.4267241379310345,yes
4130,5842-POCOP,0.4405099150141643,yes
1929,2805-AUFQN,0.9834710743801653,no
5196,7312-XSBAT,0.9834710743801653,no
3514,4983-CCWMC,0.4267241379310345,yes
545,0804-YGEQV,0.4267241379310345,yes
1164,1709-EJDOX,0.6717428087986463,no
1568,2277-DJJDL,0.4405099150141643,yes
6656,9470-XCCEM,0.9159663865546218,no
2257,3224-DFQNQ,0.639344262295082,no
5321,7517-LDMPS,0.8918918918918919,no
6120,8668-KNZTI,0.4405099150141643,yes
5834,8207-DMRVL,0.4405099150141643,yes
4451,6275-YDUVO,0.4405099150141643,yes
372,0550-DCXLH,0.639344262295082,no
3049,4365-MSDYN,0.9834710743801653,no
6953,9863-JZAIC,0.639344262295082,no
5117,7197-VOJMM,0.972972972972973,no
734,1084-UQCHV,0.4405099150141643,yes
6535,9279-CJEOJ,0.7972972972972973,no
67,0112-QWPNC,0.6571428571428571,no
6423,9095-HFAFX,0.9834710743801653,no
6270,8873-TMKGR,0.7745098039215687,no
1978,2862-PFNIK,0.4405099150141643,yes
5673,7996-BPXHY,0.5862068965517241,no
2374,3399-BMLVW,0.4405099150141643,yes
6447,9128-CPXKI,1.0,no
4120,5828-DWPIL,0.972972972972973,no
5653,7969-AULMZ,0.4405099150141643,yes
1779,2603-HVKCG,0.6717428087986463,no
620,0909-SDHNU,0.952054794520548,no
6476,9170-CCKOU,0.4267241379310345,yes
2863,4080-OGPJL,0.9920634920634921,no
5413,7623-TRNQN,1.0,no
4705,6629-LADHQ,0.4267241379310345,yes
3252,4652-ODEVH,0.6717428087986463,no
6952,9862-KJTYK,0.4267241379310345,yes
2764,3934-HXCFZ,0.6717428087986463,no
3083,4419-UJMUS,0.8,no
5213,7336-RLLRH,0.6717428087986463,no
2553,3649-JPUGY,0.4267241379310345,yes
4678,6599-GZWCM,0.6717428087986463,no
1072,1564-HJUVY,0.7972972972972973,no
6490,9199-PWQVC,0.5816326530612245,no
5396,7606-BPHHN,0.7647058823529411,no
3017,4317-VTEOA,0.4405099150141643,yes
2131,3061-BCKYI,0.4405099150141643,yes
5481,7716-YTYHG,0.6717428087986463,no
2344,3352-RICWQ,0.5816326530612245,no
181,0295-QVKPB,0.6571428571428571,no
1198,1764-VUUMT,0.9263157894736842,no
4248,5989-OMNJE,0.4405099150141643,yes
2270,3247-MHJKM,0.9782608695652174,no
7029,9972-NKTFD,0.9782608695652174,no
1617,2359-KLTEK,0.639344262295082,no
6508,9231-ZJYAM,0.8695652173913043,no
3408,4829-ZLJTK,0.6434108527131783,no
710,1047-NNCBF,0.6434108527131783,no
4583,6465-GSRCL,0.9920634920634921,no
5891,8286-AFUYI,0.6717428087986463,no
2159,3092-IGHWF,0.4405099150141643,yes
369,0541-FITGH,0.8695652173913043,no
1495,2203-GHNWN,0.7058823529411765,no
5642,7954-MLBUN,0.4405099150141643,yes
1840,2675-DHUTR,0.8918918918918919,no
5557,7824-PANSQ,0.4405099150141643,yes
6225,8805-JNRAZ,0.972972972972973,no
262,0390-DCFDQ,0.4405099150141643,yes
2756,3923-CSIHK,0.6717428087986463,no
6738,9570-KYEUA,0.6717428087986463,no
729,1075-BGWOH,0.6717428087986463,no
4604,6490-FGZAT,0.6717428087986463,no
1290,1921-KYSAY,0.6434108527131783,no
4787,6732-FZUGP,0.4405099150141643,yes
1270,1877-HKBQX,0.5816326530612245,no
6922,9822-WMWVG,0.6717428087986463,no
600,0877-SDMBN,0.4405099150141643,yes
5453,7672-VFMXZ,0.639344262295082,no
3477,4926-UMJZD,0.972972972972973,no
3439,4877-TSOFF,0.4405099150141643,yes
6609,9391-TTOYH,0.9130434782608695,no
4725,6653-CBBOM,0.84375,no
5345,7551-DACSP,0.4405099150141643,yes
126,0219-YTZUE,0.6717428087986463,no
635,0929-PECLO,0.6666666666666666,no
6692,9506-UXUSK,0.9263157894736842,no
5243,7394-FKDNK,0.9263157894736842,no
2673,3797-FKOGQ,0.4405099150141643,yes
3976,5600-PDUJF,0.9130434782608695,no
4616,6507-ZJSUR,1.0,no
3934,5539-HIVAK,0.84375,no
4858,6848-YLDFR,0.4405099150141643,yes
3101,4446-BZKHU,0.9263157894736842,no
304,0447-BEMNG,0.6571428571428571,no
2690,3813-DHBBB,0.9834710743801653,no
5499,7742-MYPGI,0.9736842105263158,no
1563,2274-XUATA,0.9393939393939394,no
4724,6652-YFFJO,0.9829059829059829,no
3531,5012-YSPJJ,0.7647058823529411,no
2037,2931-SVLTV,0.6666666666666666,no
4581,6463-MVYRY,0.9130434782608695,no
4564,6435-SRWBJ,0.9117647058823529,no
4905,6906-ANDWJ,0.8695652173913043,no
3226,4625-XMOYM,0.7058823529411765,no
6329,8963-MQVYN,0.6717428087986463,no
1272,1891-QRQSA,0.7745098039215687,no
2156,3090-LETTY,0.9263157894736842,no
950,1376-HHBDV,0.6434108527131783,no
5518,7771-ZONAT,0.9829059829059829,no
410,0608-JDVEC,0.6717428087986463,no
2027,2925-MXLSX,0.4405099150141643,yes
4524,6374-AFWOX,0.972972972972973,no
773,1125-SNVCK,0.9736842105263158,no
4806,6762-NSODU,0.9920634920634921,no
2354,3373-DIUUN,0.4405099150141643,yes
2877,4102-HLENU,0.7745098039215687,no
2337,3346-BRMIS,0.9159663865546218,no
3006,4302-ZYFEL,0.4267241379310345,yes
3698,5204-QZXPU,0.9829059829059829,no
6754,9588-OZDMQ,0.6717428087986463,no
2600,3714-XPXBW,0.4267241379310345,yes
4084,5766-ZJYBB,0.9159663865546218,no
436,0637-YLETY,0.4405099150141643,yes
786,1142-WACZW,0.639344262295082,no
1565,2276-YDAVZ,0.9834710743801653,no
3518,4988-IQIGL,0.9920634920634921,no
2866,4083-EUGRJ,0.9166666666666666,no
1930,2805-EDJPQ,0.4267241379310345,yes
6618,9402-ROUMJ,0.6717428087986463,no
293,0431-APWVY,0.6717428087986463,no
4209,5944-UGLLK,0.6717428087986463,no
3845,5397-TUPSH,0.6717428087986463,no
2483,3551-HUAZH,0.9829059829059829,no
6880,9774-NRNAU,0.6666666666666666,no
6691,9505-SQFSW,0.6717428087986463,no
6914,9817-APLHW,0.4405099150141643,yes
1042,1513-XNPPH,0.9920634920634921,no
2625,3733-ZEECP,0.4267241379310345,yes
1862,2697-NQBPF,0.7972972972972973,no
2531,3623-FQBOX,0.9263157894736842,no
6910,9805-FILKB,0.639344262295082,no
5134,7228-PAQPD,0.4267241379310345,yes
521,0757-WCUUZ,0.6434108527131783,no
2883,4111-BNXIF,0.4405099150141643,yes
4395,6198-RTPMF,0.6666666666666666,no
636,0930-EHUZA,1.0,no
5329,7526-IVLYU,0.952054794520548,no
2412,3452-GWUIN,0.9782608695652174,no
5958,8400-WZICQ,0.6717428087986463,no
2976,4254-QPEDE,0.972972972972973,no
691,1023-BQXZE,0.4267241379310345,yes
3653,5161-XEUVX,0.7647058823529411,no
2974,4250-WAROZ,0.8695652173913043,no
3086,4423-YLHDV,0.4267241379310345,yes
6631,9424-CMPOG,0.7972972972972973,no
507,0742-MOABM,0.7647058823529411,no
5474,7706-DZNKK,0.4405099150141643,yes
1882,2729-VNVAP,1.0,no
5963,8404-GFGCZ,0.6717428087986463,no
3032,4335-UPJSI,0.4405099150141643,yes
3051,4367-NHWMM,0.952054794520548,no
6092,8630-FJLIB,0.6571428571428571,no
6211,8780-RSYYU,0.9920634920634921,no
4899,6899-PPEEA,0.6717428087986463,no
528,0774-RMNUW,0.952054794520548,no
1323,1965-DDBWU,0.7962962962962963,no
2249,3212-KXOCR,0.972972972972973,no
277,0409-WTMPL,0.9722222222222222,no
589,0867-MKZVY,0.9829059829059829,no
5549,7814-LEEVE,0.639344262295082,no
5602,7883-ROJOC,0.9782608695652174,no
3398,4825-FUREZ,0.8787878787878788,no
3787,5325-UWTWJ,0.9920634920634921,no
2534,3629-WEAAM,0.4405099150141643,yes
2336,3345-PBBFH,0.9920634920634921,no
2111,3030-YDNRM,0.9117647058823529,no
1876,2722-JMONI,0.4405099150141643,yes
3282,4690-LLKUA,0.9263157894736842,no
3018,4318-RAJVY,0.639344262295082,no
3819,5371-VYLSX,0.4405099150141643,yes
5331,7529-ZDFXI,0.9117647058823529,no
450,0661-WCQNQ,0.6571428571428571,no
5050,7103-IPXPJ,0.4405099150141643,yes
2544,3640-PHQXK,0.9159663865546218,no
6427,9101-NTIXF,0.5816326530612245,no
1698,2475-MROZF,0.4267241379310345,yes
5972,8414-MYSHR,0.9159663865546218,no
4317,6087-YPWHO,1.0,no
1713,2495-TTHBQ,0.4405099150141643,yes
6343,8982-NHAVY,1.0,no
2295,3280-MRDOF,0.4405099150141643,yes
1506,2209-XADXF,0.4405099150141643,yes
2493,3569-EDBPQ,0.6717428087986463,no
5437,7654-YWJUF,1.0,no
1745,2542-HYGIQ,0.8695652173913043,no
4320,6094-ZIVKX,0.9829059829059829,no
2449,3508-VLHCZ,0.8,no
1435,2115-BFTIW,0.952054794520548,no
1293,1925-TIBLE,0.9834710743801653,no
5202,7319-ZNRTR,0.6434108527131783,no
133,0224-RLWWD,0.952054794520548,no
3203,4588-YBNIB,0.4405099150141643,yes
1512,2223-GDSHL,0.6717428087986463,no
4911,6910-HADCM,0.4405099150141643,yes
626,0921-OHLVP,0.4405099150141643,yes
6238,8819-WFGGJ,0.9920634920634921,no
2173,3106-ULWFW,0.6717428087986463,no
6364,9018-PCIOK,0.6666666666666666,no
4406,6211-WWLTF,1.0,no
1850,2684-EIWEO,0.9834710743801653,no
5992,8450-UYIBU,0.4267241379310345,yes
4826,6791-YBNAK,0.9920634920634921,no
2276,3254-YRILK,0.9834710743801653,no
3290,4698-KVLLG,0.8695652173913043,no
5398,7608-RGIRO,0.9736842105263158,no
6034,8547-NSBBO,1.0,no
5144,7241-AJHFS,0.6717428087986463,no
5672,7995-ZHHNZ,0.4405099150141643,yes
3305,4710-NKCAW,0.6666666666666666,no
4635,6542-LWGXJ,0.6717428087986463,no
1114,1626-ERCMM,0.6717428087986463,no
6494,9208-OLGAQ,0.8688524590163934,no
3054,4369-NYSCF,0.8688524590163934,no
1877,2722-VOJQL,0.6717428087986463,no
2577,3682-YEUWS,0.4405099150141643,yes
3539,5018-HEKFO,0.6717428087986463,no
547,0810-BDHAW,0.6790123456790124,no
2679,3803-KMQFW,0.4405099150141643,yes
1009,1455-UGQVH,0.7972972972972973,no
5388,7601-DHFWZ,0.4405099150141643,yes
2608,3719-TDVQB,0.6434108527131783,no
706,1042-HFUCW,0.4405099150141643,yes
5530,7786-WBJYI,0.972972972972973,no
2107,3023-GFLBR,0.4267241379310345,yes
5478,7711-GQBZC,0.9159663865546218,no
1421,2091-MJTFX,0.7962962962962963,no
3420,4847-QNOKA,0.7745098039215687,no
5845,8220-OCUFY,0.9834710743801653,no
1637,2379-ENZGV,0.4405099150141643,yes
4077,5759-RCVCB,0.8695652173913043,no
129,0221-WMXNQ,0.6434108527131783,no
6761,9600-UDOPK,0.4405099150141643,yes
3637,5148-ORICT,0.9920634920634921,no
4424,6235-VDHOM,0.9829059829059829,no
1838,2674-MIAHT,0.6717428087986463,no
2183,3129-AAQOU,0.7058823529411765,no
5,0013-MHZWF,0.6717428087986463,no
4164,5887-IKKYO,0.4405099150141643,yes
6849,9732-EQMWY,0.9920634920634921,no
5922,8337-MSSXB,0.6717428087986463,no
404,0602-DDUML,0.4267241379310345,yes
6265,8868-WOZGU,1.0,no
2238,3197-NNYNB,0.9920634920634921,no
3141,4508-OEBEY,1.0,no
5955,8397-MVTAZ,0.4267241379310345,yes
6332,8966-SNIZF,0.4405099150141643,yes
4617,6508-NJYRO,0.4405099150141643,yes
3573,5062-CJJKH,0.6717428087986463,no
5443,7663-RGWBC,0.4405099150141643,yes
2235,3195-TQDZX,0.6717428087986463,no
4003,5649-ANRML,0.6717428087986463,no
5699,8033-ATFAS,0.8787878787878788,no
6877,9770-KXGQU,1.0,no
428,0623-IIHUG,0.4405099150141643,yes
3209,4598-ZADCK,0.4405099150141643,yes
2174,3108-PCCGG,1.0,no
4811,6769-DYBQN,0.7745098039215687,no
921,1337-BOZWO,0.7058823529411765,no
5624,7925-PNRGI,0.972972972972973,no
1202,1768-HNVGJ,0.9393939393939394,no
1945,2823-LKABH,0.952054794520548,no
5136,7233-IOQNP,0.9722222222222222,no
1883,2731-GJRDG,0.639344262295082,no
3097,4441-NIHPT,0.8787878787878788,no
2727,3882-IYOIJ,0.4267241379310345,yes
6042,8563-IIOXK,0.6666666666666666,no
836,1217-VASWC,0.5862068965517241,no
4573,6447-EGDIV,0.9829059829059829,no
6585,9361-YNQWJ,0.9523809523809523,no
3071,4393-RYCRE,0.4405099150141643,yes
1097,1597-FZREH,0.4405099150141643,yes
6441,9117-SHLZX,0.639344262295082,no
5985,8441-SHIPE,0.9117647058823529,no
2452,3511-BFTJW,0.972972972972973,no
983,1428-GTBJJ,0.8787878787878788,no
